baseline_id,building_name ,vintage_name ,year,measure_id ,Percent of Total Base Area,GHG Savings tonnes,GHG Savings %
1.0,Barracks,1959-pre,2015.0,air_temp_reset_enabled,0.0867098480298323,-46.42639803344988,
1.0,Barracks,1959-pre,2015.0,baseline,0.0867098480298323,0.0,
1.0,Barracks,1959-pre,2015.0,boiler_eff_upgrade,0.0867098480298323,-2.3225790315680723,
1.0,Barracks,1959-pre,2015.0,boiler_reset,0.0867098480298323,144.30457992761916,
1.0,Barracks,1959-pre,2015.0,cooling_cop_3_0,0.0867098480298323,2.25335666509118,
1.0,Barracks,1959-pre,2015.0,dcv_enabled,0.0867098480298323,5.252794027228702,
1.0,Barracks,1959-pre,2015.0,ecm_cold_deck_reset_control,0.0867098480298323,-19.162665595310166,
1.0,Barracks,1959-pre,2015.0,economizers_enabled,0.0867098480298323,1.5101471728850804,
1.0,Barracks,1959-pre,2015.0,elec_reduce,0.0867098480298323,58.535572798225694,
1.0,Barracks,1959-pre,2015.0,envelope_ecm_roof,0.0867098480298323,-0.34815552840629616,
1.0,Barracks,1959-pre,2015.0,envelope_ecm_wall,0.0867098480298323,14.73852134580789,
1.0,Barracks,1959-pre,2015.0,envelope_ecm_windows,0.0867098480298323,28.197488373840443,
1.0,Barracks,1959-pre,2015.0,fans_to_variable,0.0867098480298323,-1.7581302511975652,
1.0,Barracks,1959-pre,2015.0,hrv_enabled,0.0867098480298323,-9.610725033230752,
1.0,Barracks,1959-pre,2015.0,infil_reduce,0.0867098480298323,154.89711909809137,
1.0,Barracks,1959-pre,2015.0,infil_reduce_plus_setback,0.0867098480298323,184.3576931104157,
1.0,Barracks,1959-pre,2015.0,lights_reduce_70p,0.0867098480298323,37.55248810609972,
1.0,Barracks,1959-pre,2015.0,load_reduce,0.0867098480298323,248.1398348127119,
1.0,Barracks,1959-pre,2015.0,occupancy_setback,0.0867098480298323,1.0419276377075355,
1.0,Barracks,1959-pre,2015.0,payback_less_than_20,0.0867098480298323,281.6082283726972,
1.0,Barracks,1959-pre,2015.0,plug_loads_90_percent,0.0867098480298323,-2.5061731471851285,
1.0,Barracks,1959-pre,2015.0,pump_fan_eff_,0.0867098480298323,10.72892766939201,
2.0,Fire Hall,1959-pre,2015.0,air_temp_reset_enabled,0.005569790905987633,-0.33860294689751463,
2.0,Fire Hall,1959-pre,2015.0,baseline,0.005569790905987633,0.0,
2.0,Fire Hall,1959-pre,2015.0,boiler_eff_upgrade,0.005569790905987633,1.3737109382892532,
2.0,Fire Hall,1959-pre,2015.0,boiler_reset,0.005569790905987633,29.156752901020354,
2.0,Fire Hall,1959-pre,2015.0,cooling_cop_3_0,0.005569790905987633,1.7926673755679101,
2.0,Fire Hall,1959-pre,2015.0,dcv_enabled,0.005569790905987633,1.3737109382892532,
2.0,Fire Hall,1959-pre,2015.0,ecm_cold_deck_reset_control,0.005569790905987633,11.638421216943849,
2.0,Fire Hall,1959-pre,2015.0,economizers_enabled,0.005569790905987633,1.931730949065631,
2.0,Fire Hall,1959-pre,2015.0,elec_reduce,0.005569790905987633,24.511864344663895,
2.0,Fire Hall,1959-pre,2015.0,envelope_ecm_roof,0.005569790905987633,3.417514740823254,
2.0,Fire Hall,1959-pre,2015.0,envelope_ecm_wall,0.005569790905987633,4.874341446131411,
2.0,Fire Hall,1959-pre,2015.0,envelope_ecm_windows,0.005569790905987633,4.075404763116959,
2.0,Fire Hall,1959-pre,2015.0,fans_to_variable,0.005569790905987633,1.4648627231783526,
2.0,Fire Hall,1959-pre,2015.0,hrv_enabled,0.005569790905987633,10.162181659477252,
2.0,Fire Hall,1959-pre,2015.0,infil_reduce,0.005569790905987633,74.9109827408913,
2.0,Fire Hall,1959-pre,2015.0,infil_reduce_plus_setback,0.005569790905987633,63.86504645364627,
2.0,Fire Hall,1959-pre,2015.0,lights_reduce_70p,0.005569790905987633,21.350050809996407,
2.0,Fire Hall,1959-pre,2015.0,load_reduce,0.005569790905987633,79.21446928794596,
2.0,Fire Hall,1959-pre,2015.0,occupancy_setback,0.005569790905987633,-21.472681178411214,
2.0,Fire Hall,1959-pre,2015.0,payback_less_than_20,0.005569790905987633,111.51667609008364,
2.0,Fire Hall,1959-pre,2015.0,plug_loads_90_percent,0.005569790905987633,1.2740649855307333,
2.0,Fire Hall,1959-pre,2015.0,pump_fan_eff_,0.005569790905987633,4.571163192242141,
3.0,Food Service,1959-pre,2015.0,air_temp_reset_enabled,0.04326202214953311,-100.21489867407855,
3.0,Food Service,1959-pre,2015.0,baseline,0.04326202214953311,0.0,
3.0,Food Service,1959-pre,2015.0,boiler_eff_upgrade,0.04326202214953311,2.2989192624831403,
3.0,Food Service,1959-pre,2015.0,boiler_reset,0.04326202214953311,275.2752447374637,
3.0,Food Service,1959-pre,2015.0,cooling_cop_3_0,0.04326202214953311,10.787252013894403,
3.0,Food Service,1959-pre,2015.0,dcv_enabled,0.04326202214953311,259.08523447491467,
3.0,Food Service,1959-pre,2015.0,ecm_cold_deck_reset_control,0.04326202214953311,22.620164562941387,
3.0,Food Service,1959-pre,2015.0,economizers_enabled,0.04326202214953311,5.14723988590097,
3.0,Food Service,1959-pre,2015.0,elec_reduce,0.04326202214953311,510.7152990994388,
3.0,Food Service,1959-pre,2015.0,envelope_ecm_roof,0.04326202214953311,45.21803287719721,
3.0,Food Service,1959-pre,2015.0,envelope_ecm_wall,0.04326202214953311,20.16725030765811,
3.0,Food Service,1959-pre,2015.0,envelope_ecm_windows,0.04326202214953311,43.077660059783916,
3.0,Food Service,1959-pre,2015.0,exhaust_fans_occ_control,0.04326202214953311,87.68842191404438,
3.0,Food Service,1959-pre,2015.0,fans_to_variable,0.04326202214953311,3.36363219359923,
3.0,Food Service,1959-pre,2015.0,hrv_enabled,0.04326202214953311,277.2824938625381,
3.0,Food Service,1959-pre,2015.0,infil_reduce,0.04326202214953311,474.5246820330343,
3.0,Food Service,1959-pre,2015.0,infil_reduce_plus_setback,0.04326202214953311,539.5407108406941,
3.0,Food Service,1959-pre,2015.0,lights_reduce_70p,0.04326202214953311,138.2881489523227,
3.0,Food Service,1959-pre,2015.0,load_reduce,0.04326202214953311,692.1222639690808,
3.0,Food Service,1959-pre,2015.0,occupancy_setback,0.04326202214953311,47.30452588763707,
3.0,Food Service,1959-pre,2015.0,payback_less_than_20,0.04326202214953311,1066.5296478993496,
3.0,Food Service,1959-pre,2015.0,plug_loads_90_percent,0.04326202214953311,2.020735840914903,
3.0,Food Service,1959-pre,2015.0,pump_fan_eff_,0.04326202214953311,24.628193218515094,
4.0,Food Service,2005-2014,2015.0,air_temp_reset_enabled,0.0,0.0,
4.0,Food Service,2005-2014,2015.0,baseline,0.0,0.0,
4.0,Food Service,2005-2014,2015.0,boiler_eff_upgrade,0.0,0.0,
4.0,Food Service,2005-2014,2015.0,boiler_reset,0.0,0.0,
4.0,Food Service,2005-2014,2015.0,cooling_cop_3_0,0.0,0.0,
4.0,Food Service,2005-2014,2015.0,dcv_enabled,0.0,0.0,
4.0,Food Service,2005-2014,2015.0,ecm_cold_deck_reset_control,0.0,0.0,
4.0,Food Service,2005-2014,2015.0,economizers_enabled,0.0,0.0,
4.0,Food Service,2005-2014,2015.0,elec_reduce,0.0,0.0,
4.0,Food Service,2005-2014,2015.0,envelope_ecm_roof,0.0,0.0,
4.0,Food Service,2005-2014,2015.0,envelope_ecm_wall,0.0,0.0,
4.0,Food Service,2005-2014,2015.0,envelope_ecm_windows,0.0,0.0,
4.0,Food Service,2005-2014,2015.0,exhaust_fans_occ_control,0.0,0.0,
4.0,Food Service,2005-2014,2015.0,fans_to_variable,0.0,0.0,
4.0,Food Service,2005-2014,2015.0,hrv_enabled,0.0,0.0,
4.0,Food Service,2005-2014,2015.0,lights_reduce_70p,0.0,0.0,
4.0,Food Service,2005-2014,2015.0,load_reduce,0.0,0.0,
4.0,Food Service,2005-2014,2015.0,occupancy_setback,0.0,0.0,
4.0,Food Service,2005-2014,2015.0,payback_less_than_20,0.0,0.0,
4.0,Food Service,2005-2014,2015.0,plug_loads_90_percent,0.0,0.0,
4.0,Food Service,2005-2014,2015.0,pump_fan_eff_,0.0,0.0,
5.0,Hangar,1959-pre,2015.0,air_temp_reset_enabled,0.2686635526537526,-300.99462926949394,
5.0,Hangar,1959-pre,2015.0,baseline,0.2686635526537526,0.0,
5.0,Hangar,1959-pre,2015.0,boiler_eff_upgrade,0.2686635526537526,29.057367620594395,
5.0,Hangar,1959-pre,2015.0,boiler_reset,0.2686635526537526,1179.3035505738367,
5.0,Hangar,1959-pre,2015.0,cooling_cop_3_0,0.2686635526537526,34.856736945444524,
5.0,Hangar,1959-pre,2015.0,dcv_enabled,0.2686635526537526,639.648136797757,
5.0,Hangar,1959-pre,2015.0,ecm_cold_deck_reset_control,0.2686635526537526,13.879593726680037,
5.0,Hangar,1959-pre,2015.0,economizers_enabled,0.2686635526537526,29.68938522029859,
5.0,Hangar,1959-pre,2015.0,elec_reduce,0.2686635526537526,1399.2939434029984,
5.0,Hangar,1959-pre,2015.0,envelope_ecm_roof,0.2686635526537526,384.8616958669495,
5.0,Hangar,1959-pre,2015.0,envelope_ecm_wall,0.2686635526537526,265.7031913958669,
5.0,Hangar,1959-pre,2015.0,envelope_ecm_windows,0.2686635526537526,96.5085695455059,
5.0,Hangar,1959-pre,2015.0,exhaust_fans_occ_control,0.2686635526537526,68.89826278402494,
5.0,Hangar,1959-pre,2015.0,fans_to_variable,0.2686635526537526,32.172712283464534,
5.0,Hangar,1959-pre,2015.0,hrv_enabled,0.2686635526537526,465.7003867610197,
5.0,Hangar,1959-pre,2015.0,infil_reduce,0.2686635526537526,2161.618043878568,
5.0,Hangar,1959-pre,2015.0,infil_reduce_plus_setback,0.2686635526537526,2602.6361507820843,
5.0,Hangar,1959-pre,2015.0,lights_reduce_70p,0.2686635526537526,659.047250186713,
5.0,Hangar,1959-pre,2015.0,load_reduce,0.2686635526537526,3188.2906389471177,
5.0,Hangar,1959-pre,2015.0,occupancy_setback,0.2686635526537526,686.5710675528622,
5.0,Hangar,1959-pre,2015.0,payback_less_than_20,0.2686635526537526,4220.5453368001545,
5.0,Hangar,1959-pre,2015.0,plug_loads_90_percent,0.2686635526537526,27.677110048253823,
5.0,Hangar,1959-pre,2015.0,pumps_to_variable,0.2686635526537526,29.65384951642208,
5.0,Hangar,1959-pre,2015.0,pump_fan_eff_,0.2686635526537526,120.55389229250913,
6.0,Hangar,1960-1979,2015.0,air_temp_reset_enabled,0.02692425689310236,-26.758793139025407,
6.0,Hangar,1960-1979,2015.0,baseline,0.02692425689310236,0.0,
6.0,Hangar,1960-1979,2015.0,boiler_eff_upgrade,0.02692425689310236,4.171972499470505,
6.0,Hangar,1960-1979,2015.0,boiler_reset,0.02692425689310236,113.83151126488315,
6.0,Hangar,1960-1979,2015.0,cooling_cop_3_0,0.02692425689310236,4.6611728965780195,
6.0,Hangar,1960-1979,2015.0,dcv_enabled,0.02692425689310236,65.22036611276457,
6.0,Hangar,1960-1979,2015.0,ecm_cold_deck_reset_control,0.02692425689310236,3.3793827903637914,
6.0,Hangar,1960-1979,2015.0,economizers_enabled,0.02692425689310236,4.239921805045825,
6.0,Hangar,1960-1979,2015.0,elec_reduce,0.02692425689310236,141.07379289737176,
6.0,Hangar,1960-1979,2015.0,envelope_ecm_roof,0.02692425689310236,48.487686812389,
6.0,Hangar,1960-1979,2015.0,envelope_ecm_wall,0.02692425689310236,17.707936985643673,
6.0,Hangar,1960-1979,2015.0,envelope_ecm_windows,0.02692425689310236,10.85406592639833,
6.0,Hangar,1960-1979,2015.0,exhaust_fans_occ_control,0.02692425689310236,8.166739015620854,
6.0,Hangar,1960-1979,2015.0,fans_to_variable,0.02692425689310236,4.4597616101826905,
6.0,Hangar,1960-1979,2015.0,hrv_enabled,0.02692425689310236,47.69177377019833,
6.0,Hangar,1960-1979,2015.0,infil_reduce,0.02692425689310236,197.00952812135512,
6.0,Hangar,1960-1979,2015.0,infil_reduce_plus_setback,0.02692425689310236,243.88314198190795,
6.0,Hangar,1960-1979,2015.0,lights_reduce_70p,0.02692425689310236,67.55255295138882,
6.0,Hangar,1960-1979,2015.0,load_reduce,0.02692425689310236,300.57361023430235,
6.0,Hangar,1960-1979,2015.0,occupancy_setback,0.02692425689310236,70.5409767231446,
6.0,Hangar,1960-1979,2015.0,payback_less_than_20,0.02692425689310236,404.99947130399335,
6.0,Hangar,1960-1979,2015.0,plug_loads_90_percent,0.02692425689310236,3.9819633934675087,
6.0,Hangar,1960-1979,2015.0,pumps_to_variable,0.02692425689310236,4.231749241185995,
6.0,Hangar,1960-1979,2015.0,pump_fan_eff_,0.02692425689310236,12.812422248382413,
7.0,Hangar,1980-2004,2015.0,air_temp_reset_enabled,0.031409472533455475,-21.490649778517902,
7.0,Hangar,1980-2004,2015.0,baseline,0.031409472533455475,0.0,
7.0,Hangar,1980-2004,2015.0,boiler_eff_upgrade,0.031409472533455475,1.238534424064731,
7.0,Hangar,1980-2004,2015.0,boiler_reset,0.031409472533455475,86.2554339823022,
7.0,Hangar,1980-2004,2015.0,cooling_cop_3_0,0.031409472533455475,1.4848598457185564,
7.0,Hangar,1980-2004,2015.0,dcv_enabled,0.031409472533455475,71.12547173490532,
7.0,Hangar,1980-2004,2015.0,ecm_cold_deck_reset_control,0.031409472533455475,3.4029603303391665,
7.0,Hangar,1980-2004,2015.0,economizers_enabled,0.031409472533455475,1.324617968484183,
7.0,Hangar,1980-2004,2015.0,elec_reduce,0.031409472533455475,157.615176975744,
7.0,Hangar,1980-2004,2015.0,envelope_ecm_roof,0.031409472533455475,24.67872362658929,
7.0,Hangar,1980-2004,2015.0,envelope_ecm_wall,0.031409472533455475,9.239241306573078,
7.0,Hangar,1980-2004,2015.0,envelope_ecm_windows,0.031409472533455475,6.766694171259632,
7.0,Hangar,1980-2004,2015.0,exhaust_fans_occ_control,0.031409472533455475,5.898774803762437,
7.0,Hangar,1980-2004,2015.0,fans_to_variable,0.031409472533455475,1.463689371332134,
7.0,Hangar,1980-2004,2015.0,hrv_enabled,0.031409472533455475,50.4027198029488,
7.0,Hangar,1980-2004,2015.0,infil_reduce,0.031409472533455475,73.53236853392968,
7.0,Hangar,1980-2004,2015.0,infil_reduce_plus_setback,0.031409472533455475,121.18168480752104,
7.0,Hangar,1980-2004,2015.0,lights_reduce_70p,0.031409472533455475,76.6090282752727,
7.0,Hangar,1980-2004,2015.0,load_reduce,0.031409472533455475,176.30172005088093,
7.0,Hangar,1980-2004,2015.0,occupancy_setback,0.031409472533455475,54.6926170455727,
7.0,Hangar,1980-2004,2015.0,payback_less_than_20,0.031409472533455475,299.72315807098414,
7.0,Hangar,1980-2004,2015.0,plug_loads_90_percent,0.031409472533455475,1.183326356987695,
7.0,Hangar,1980-2004,2015.0,pumps_to_variable,0.031409472533455475,1.3082691593447655,
7.0,Hangar,1980-2004,2015.0,pump_fan_eff_,0.031409472533455475,7.594218075845306,
10.0,Maintenance Shop-Small,1959-pre,2015.0,air_temp_reset_enabled,0.006758070579491589,-14.193663578662756,
10.0,Maintenance Shop-Small,1959-pre,2015.0,baseline,0.006758070579491589,0.0,
10.0,Maintenance Shop-Small,1959-pre,2015.0,boiler_eff_upgrade,0.006758070579491589,0.7180585932723237,
10.0,Maintenance Shop-Small,1959-pre,2015.0,boiler_reset,0.006758070579491589,68.54371813721222,
10.0,Maintenance Shop-Small,1959-pre,2015.0,cooling_cop_3_0,0.006758070579491589,1.1201797654452341,
10.0,Maintenance Shop-Small,1959-pre,2015.0,dcv_enabled,0.006758070579491589,0.7180585932723237,
10.0,Maintenance Shop-Small,1959-pre,2015.0,ecm_cold_deck_reset_control,0.006758070579491589,-4.161337184463894,
10.0,Maintenance Shop-Small,1959-pre,2015.0,economizers_enabled,0.006758070579491589,0.8794416160235278,
10.0,Maintenance Shop-Small,1959-pre,2015.0,elec_reduce,0.006758070579491589,24.5127439673629,
10.0,Maintenance Shop-Small,1959-pre,2015.0,envelope_ecm_roof,0.006758070579491589,17.555497058081276,
10.0,Maintenance Shop-Small,1959-pre,2015.0,envelope_ecm_wall,0.006758070579491589,32.82065580690163,
10.0,Maintenance Shop-Small,1959-pre,2015.0,envelope_ecm_windows,0.006758070579491589,1.104862586163365,
10.0,Maintenance Shop-Small,1959-pre,2015.0,exhaust_fans_occ_control,0.006758070579491589,0.7180585932723237,
10.0,Maintenance Shop-Small,1959-pre,2015.0,fans_to_variable,0.006758070579491589,0.7962401129235828,
10.0,Maintenance Shop-Small,1959-pre,2015.0,hrv_enabled,0.006758070579491589,1.1698048540291566,
10.0,Maintenance Shop-Small,1959-pre,2015.0,infil_reduce,0.006758070579491589,112.72985360492994,
10.0,Maintenance Shop-Small,1959-pre,2015.0,infil_reduce_plus_setback,0.006758070579491589,124.3419635654767,
10.0,Maintenance Shop-Small,1959-pre,2015.0,lights_reduce_70p,0.006758070579491589,14.154130706603915,
10.0,Maintenance Shop-Small,1959-pre,2015.0,load_reduce,0.006758070579491589,157.6296024283745,
10.0,Maintenance Shop-Small,1959-pre,2015.0,occupancy_setback,0.006758070579491589,18.645235386664538,
10.0,Maintenance Shop-Small,1959-pre,2015.0,payback_less_than_20,0.006758070579491589,169.77312325491184,
10.0,Maintenance Shop-Small,1959-pre,2015.0,plug_loads_90_percent,0.006758070579491589,0.6980309091050246,
10.0,Maintenance Shop-Small,1959-pre,2015.0,pump_fan_eff_,0.006758070579491589,11.005367189208497,
11.0,Maintenance Shop-Small,1960-1979,2015.0,air_temp_reset_enabled,0.003128416304061324,-5.511375489244606,
11.0,Maintenance Shop-Small,1960-1979,2015.0,baseline,0.003128416304061324,0.0,
11.0,Maintenance Shop-Small,1960-1979,2015.0,boiler_eff_upgrade,0.003128416304061324,0.38406431558665816,
11.0,Maintenance Shop-Small,1960-1979,2015.0,boiler_reset,0.003128416304061324,29.540602893583753,
11.0,Maintenance Shop-Small,1960-1979,2015.0,cooling_cop_3_0,0.003128416304061324,0.5718311593749887,
11.0,Maintenance Shop-Small,1960-1979,2015.0,dcv_enabled,0.003128416304061324,0.38406431558665816,
11.0,Maintenance Shop-Small,1960-1979,2015.0,ecm_cold_deck_reset_control,0.003128416304061324,-1.6083126956228309,
11.0,Maintenance Shop-Small,1960-1979,2015.0,economizers_enabled,0.003128416304061324,0.47448525138996644,
11.0,Maintenance Shop-Small,1960-1979,2015.0,elec_reduce,0.003128416304061324,11.136220424606126,
11.0,Maintenance Shop-Small,1960-1979,2015.0,envelope_ecm_roof,0.003128416304061324,12.686314607456657,
11.0,Maintenance Shop-Small,1960-1979,2015.0,envelope_ecm_wall,0.003128416304061324,6.701123665313613,
11.0,Maintenance Shop-Small,1960-1979,2015.0,envelope_ecm_windows,0.003128416304061324,0.5640280069488339,
11.0,Maintenance Shop-Small,1960-1979,2015.0,exhaust_fans_occ_control,0.003128416304061324,0.38406431558665816,
11.0,Maintenance Shop-Small,1960-1979,2015.0,fans_to_variable,0.003128416304061324,0.4193031584458824,
11.0,Maintenance Shop-Small,1960-1979,2015.0,hrv_enabled,0.003128416304061324,0.5807078499389348,
11.0,Maintenance Shop-Small,1960-1979,2015.0,infil_reduce,0.003128416304061324,47.08514085183452,
11.0,Maintenance Shop-Small,1960-1979,2015.0,infil_reduce_plus_setback,0.003128416304061324,52.83791171742149,
11.0,Maintenance Shop-Small,1960-1979,2015.0,lights_reduce_70p,0.003128416304061324,6.648791937061188,
11.0,Maintenance Shop-Small,1960-1979,2015.0,load_reduce,0.003128416304061324,67.30111613750736,
11.0,Maintenance Shop-Small,1960-1979,2015.0,occupancy_setback,0.003128416304061324,8.783893704055922,
11.0,Maintenance Shop-Small,1960-1979,2015.0,payback_less_than_20,0.003128416304061324,73.05949098380668,
11.0,Maintenance Shop-Small,1960-1979,2015.0,plug_loads_90_percent,0.003128416304061324,0.36784588933515333,
11.0,Maintenance Shop-Small,1960-1979,2015.0,pump_fan_eff_,0.003128416304061324,4.840289496183771,
12.0,Maintenance Shop-Small,1980-2004,2015.0,air_temp_reset_enabled,0.02103903174651186,-17.49765616014146,
12.0,Maintenance Shop-Small,1980-2004,2015.0,baseline,0.02103903174651186,0.0,
12.0,Maintenance Shop-Small,1980-2004,2015.0,boiler_eff_upgrade,0.02103903174651186,-0.8794636214120871,
12.0,Maintenance Shop-Small,1980-2004,2015.0,boiler_reset,0.02103903174651186,104.25351982710606,
12.0,Maintenance Shop-Small,1980-2004,2015.0,cooling_cop_3_0,0.02103903174651186,-0.32428555317675734,
12.0,Maintenance Shop-Small,1980-2004,2015.0,dcv_enabled,0.02103903174651186,-0.8794636214120871,
12.0,Maintenance Shop-Small,1980-2004,2015.0,ecm_cold_deck_reset_control,0.02103903174651186,-7.1455809257068195,
12.0,Maintenance Shop-Small,1980-2004,2015.0,economizers_enabled,0.02103903174651186,0.5166772136948766,
12.0,Maintenance Shop-Small,1980-2004,2015.0,elec_reduce,0.02103903174651186,58.89938805380081,
12.0,Maintenance Shop-Small,1980-2004,2015.0,envelope_ecm_roof,0.02103903174651186,18.061530391492003,
12.0,Maintenance Shop-Small,1980-2004,2015.0,envelope_ecm_wall,0.02103903174651186,11.107377666504869,
12.0,Maintenance Shop-Small,1980-2004,2015.0,envelope_ecm_windows,0.02103903174651186,0.037675031856187,
12.0,Maintenance Shop-Small,1980-2004,2015.0,exhaust_fans_occ_control,0.02103903174651186,-0.8794636214120871,
12.0,Maintenance Shop-Small,1980-2004,2015.0,fans_to_variable,0.02103903174651186,-0.7523244654206735,
12.0,Maintenance Shop-Small,1980-2004,2015.0,hrv_enabled,0.02103903174651186,0.5271626592928341,
12.0,Maintenance Shop-Small,1980-2004,2015.0,infil_reduce,0.02103903174651186,103.03362957277811,
12.0,Maintenance Shop-Small,1980-2004,2015.0,infil_reduce_plus_setback,0.02103903174651186,132.38757196192356,
12.0,Maintenance Shop-Small,1980-2004,2015.0,lights_reduce_70p,0.02103903174651186,41.55308266925862,
12.0,Maintenance Shop-Small,1980-2004,2015.0,load_reduce,0.02103903174651186,198.56491030775584,
12.0,Maintenance Shop-Small,1980-2004,2015.0,occupancy_setback,0.02103903174651186,35.60374343919225,
12.0,Maintenance Shop-Small,1980-2004,2015.0,payback_less_than_20,0.02103903174651186,246.55962262665818,
12.0,Maintenance Shop-Small,1980-2004,2015.0,plug_loads_90_percent,0.02103903174651186,-0.832379215940619,
12.0,Maintenance Shop-Small,1980-2004,2015.0,pump_fan_eff_,0.02103903174651186,15.971823626200658,
8.0,Maintenance Shop,1959-pre,2015.0,air_temp_reset_enabled,0.017210610689331843,-8.181248569487838,
8.0,Maintenance Shop,1959-pre,2015.0,baseline,0.017210610689331843,0.0,
8.0,Maintenance Shop,1959-pre,2015.0,boiler_eff_upgrade,0.017210610689331843,-0.0514657013322393,
8.0,Maintenance Shop,1959-pre,2015.0,boiler_reset,0.017210610689331843,124.76397226741453,
8.0,Maintenance Shop,1959-pre,2015.0,cooling_cop_3_0,0.017210610689331843,0.30844098392516056,
8.0,Maintenance Shop,1959-pre,2015.0,dcv_enabled,0.017210610689331843,78.92885032505913,
8.0,Maintenance Shop,1959-pre,2015.0,ecm_cold_deck_reset_control,0.017210610689331843,-0.8996967047697937,
8.0,Maintenance Shop,1959-pre,2015.0,economizers_enabled,0.017210610689331843,0.19163201225635332,
8.0,Maintenance Shop,1959-pre,2015.0,elec_reduce,0.017210610689331843,120.43349611186686,
8.0,Maintenance Shop,1959-pre,2015.0,envelope_ecm_roof,0.017210610689331843,29.203703546459074,
8.0,Maintenance Shop,1959-pre,2015.0,envelope_ecm_wall,0.017210610689331843,58.74979259153508,
8.0,Maintenance Shop,1959-pre,2015.0,envelope_ecm_windows,0.017210610689331843,2.8590878882090247,
8.0,Maintenance Shop,1959-pre,2015.0,exhaust_fans_occ_control,0.017210610689331843,2.8986935345812332,
8.0,Maintenance Shop,1959-pre,2015.0,fans_to_variable,0.017210610689331843,0.4256127262582072,
8.0,Maintenance Shop,1959-pre,2015.0,hrv_enabled,0.017210610689331843,19.877051155589776,
8.0,Maintenance Shop,1959-pre,2015.0,infil_reduce,0.017210610689331843,184.36037294099486,
8.0,Maintenance Shop,1959-pre,2015.0,infil_reduce_plus_setback,0.017210610689331843,199.19552602878062,
8.0,Maintenance Shop,1959-pre,2015.0,lights_reduce_70p,0.017210610689331843,19.198294514104067,
8.0,Maintenance Shop,1959-pre,2015.0,load_reduce,0.017210610689331843,270.19558116243803,
8.0,Maintenance Shop,1959-pre,2015.0,occupancy_setback,0.017210610689331843,19.984787678455163,
8.0,Maintenance Shop,1959-pre,2015.0,payback_less_than_20,0.017210610689331843,349.77147433565597,
8.0,Maintenance Shop,1959-pre,2015.0,plug_loads_90_percent,0.017210610689331843,-0.19437506762955967,
8.0,Maintenance Shop,1959-pre,2015.0,pump_fan_eff_,0.017210610689331843,18.59446910796542,
9.0,Maintenance Shop,1980-2004,2015.0,air_temp_reset_enabled,0.0474706927022344,-25.73443502239062,
9.0,Maintenance Shop,1980-2004,2015.0,baseline,0.0474706927022344,0.0,
9.0,Maintenance Shop,1980-2004,2015.0,boiler_eff_upgrade,0.0474706927022344,-3.442440171302274,
9.0,Maintenance Shop,1980-2004,2015.0,boiler_reset,0.0474706927022344,193.00110046279073,
9.0,Maintenance Shop,1980-2004,2015.0,cooling_cop_3_0,0.0474706927022344,-2.984269695521983,
9.0,Maintenance Shop,1980-2004,2015.0,dcv_enabled,0.0474706927022344,177.1640342156845,
9.0,Maintenance Shop,1980-2004,2015.0,ecm_cold_deck_reset_control,0.0474706927022344,-5.730317075274823,
9.0,Maintenance Shop,1980-2004,2015.0,economizers_enabled,0.0474706927022344,-2.907223327008698,
9.0,Maintenance Shop,1980-2004,2015.0,elec_reduce,0.0474706927022344,270.4795096913106,
9.0,Maintenance Shop,1980-2004,2015.0,envelope_ecm_roof,0.0474706927022344,26.221561521151703,
9.0,Maintenance Shop,1980-2004,2015.0,envelope_ecm_wall,0.0474706927022344,28.30214700507625,
9.0,Maintenance Shop,1980-2004,2015.0,envelope_ecm_windows,0.0474706927022344,2.261764697737979,
9.0,Maintenance Shop,1980-2004,2015.0,exhaust_fans_occ_control,0.0474706927022344,6.001945460600121,
9.0,Maintenance Shop,1980-2004,2015.0,fans_to_variable,0.0474706927022344,-2.713396150444199,
9.0,Maintenance Shop,1980-2004,2015.0,hrv_enabled,0.0474706927022344,57.50090378873333,
9.0,Maintenance Shop,1980-2004,2015.0,infil_reduce,0.0474706927022344,149.38231445237923,
9.0,Maintenance Shop,1980-2004,2015.0,infil_reduce_plus_setback,0.0474706927022344,186.41526851636053,
9.0,Maintenance Shop,1980-2004,2015.0,lights_reduce_70p,0.0474706927022344,49.82388882412284,
9.0,Maintenance Shop,1980-2004,2015.0,load_reduce,0.0474706927022344,328.29534863026373,
9.0,Maintenance Shop,1980-2004,2015.0,occupancy_setback,0.0474706927022344,38.53223356245655,
9.0,Maintenance Shop,1980-2004,2015.0,payback_less_than_20,0.0474706927022344,523.7178888347655,
9.0,Maintenance Shop,1980-2004,2015.0,plug_loads_90_percent,0.0474706927022344,-3.7492476230437815,
9.0,Maintenance Shop,1980-2004,2015.0,pump_fan_eff_,0.0474706927022344,25.475753025030514,
16.0,Office-Small,1960-1979,2015.0,air_temp_reset_enabled,0.004960527509754696,-4.0552718088571975,
16.0,Office-Small,1960-1979,2015.0,baseline,0.004960527509754696,0.0,
16.0,Office-Small,1960-1979,2015.0,boiler_reset,0.004960527509754696,-0.2789109141182091,
16.0,Office-Small,1960-1979,2015.0,cooling_cop_3_0,0.004960527509754696,0.06327155741855114,
16.0,Office-Small,1960-1979,2015.0,dcv_enabled,0.004960527509754696,-0.2789109141182091,
16.0,Office-Small,1960-1979,2015.0,ecm_cold_deck_reset_control,0.004960527509754696,-2.876307971082976,
16.0,Office-Small,1960-1979,2015.0,economizers_enabled,0.004960527509754696,-0.2789109141182091,
16.0,Office-Small,1960-1979,2015.0,elec_reduce,0.004960527509754696,3.7654043131380615,
16.0,Office-Small,1960-1979,2015.0,envelope_ecm_roof,0.004960527509754696,2.9700969579053815,
16.0,Office-Small,1960-1979,2015.0,envelope_ecm_wall,0.004960527509754696,0.9538460655121064,
16.0,Office-Small,1960-1979,2015.0,envelope_ecm_windows,0.004960527509754696,0.15192478168186166,
16.0,Office-Small,1960-1979,2015.0,exhaust_fans_occ_control,0.004960527509754696,0.5727850177837253,
16.0,Office-Small,1960-1979,2015.0,fans_to_variable,0.004960527509754696,-0.22435167597463865,
16.0,Office-Small,1960-1979,2015.0,hrv_enabled,0.004960527509754696,-0.2789109141182091,
16.0,Office-Small,1960-1979,2015.0,infil_reduce,0.004960527509754696,6.0316068155581695,
16.0,Office-Small,1960-1979,2015.0,infil_reduce_plus_setback,0.004960527509754696,6.676422172856811,
16.0,Office-Small,1960-1979,2015.0,lights_reduce_70p,0.004960527509754696,2.9027744907805273,
16.0,Office-Small,1960-1979,2015.0,load_reduce,0.004960527509754696,6.676422172856811,
16.0,Office-Small,1960-1979,2015.0,occupancy_setback,0.004960527509754696,0.5344499485492232,
16.0,Office-Small,1960-1979,2015.0,payback_less_than_20,0.004960527509754696,8.417484579496291,
16.0,Office-Small,1960-1979,2015.0,plug_loads_90_percent,0.004960527509754696,-0.26109512344403,
16.0,Office-Small,1960-1979,2015.0,pump_fan_eff_,0.004960527509754696,-0.277030790648226,
17.0,Office-Small,1980-2004,2015.0,air_temp_reset_enabled,0.01882235002830266,-9.338053649302978,
17.0,Office-Small,1980-2004,2015.0,baseline,0.01882235002830266,0.0,
17.0,Office-Small,1980-2004,2015.0,boiler_reset,0.01882235002830266,-1.3892456972202347,
17.0,Office-Small,1980-2004,2015.0,cooling_cop_3_0,0.01882235002830266,-0.8006917151579617,
17.0,Office-Small,1980-2004,2015.0,dcv_enabled,0.01882235002830266,-1.3892456972202347,
17.0,Office-Small,1980-2004,2015.0,ecm_cold_deck_reset_control,0.01882235002830266,-8.23053896481288,
17.0,Office-Small,1980-2004,2015.0,economizers_enabled,0.01882235002830266,-1.3892456972202347,
17.0,Office-Small,1980-2004,2015.0,elec_reduce,0.01882235002830266,14.254039446824853,
17.0,Office-Small,1980-2004,2015.0,envelope_ecm_roof,0.01882235002830266,2.7316079755280347,
17.0,Office-Small,1980-2004,2015.0,envelope_ecm_wall,0.01882235002830266,0.3254328371453385,
17.0,Office-Small,1980-2004,2015.0,envelope_ecm_windows,0.01882235002830266,-0.23716818980406265,
17.0,Office-Small,1980-2004,2015.0,exhaust_fans_occ_control,0.01882235002830266,1.8460177072069686,
17.0,Office-Small,1980-2004,2015.0,fans_to_variable,0.01882235002830266,-1.255151329144108,
17.0,Office-Small,1980-2004,2015.0,hrv_enabled,0.01882235002830266,-1.3892456972202347,
17.0,Office-Small,1980-2004,2015.0,infil_reduce,0.01882235002830266,9.625934651396362,
17.0,Office-Small,1980-2004,2015.0,infil_reduce_plus_setback,0.01882235002830266,11.68697648670682,
17.0,Office-Small,1980-2004,2015.0,lights_reduce_70p,0.01882235002830266,10.918883815166955,
17.0,Office-Small,1980-2004,2015.0,load_reduce,0.01882235002830266,11.68697648670682,
17.0,Office-Small,1980-2004,2015.0,occupancy_setback,0.01882235002830266,0.5685542166530265,
17.0,Office-Small,1980-2004,2015.0,payback_less_than_20,0.01882235002830266,20.935711790490988,
17.0,Office-Small,1980-2004,2015.0,plug_loads_90_percent,0.01882235002830266,-1.270903501899819,
17.0,Office-Small,1980-2004,2015.0,pump_fan_eff_,0.01882235002830266,-1.3821117095588702,
18.0,Office-Small,2005-2014,2015.0,air_temp_reset_enabled,0.00216482951427448,-0.5732857750673122,
18.0,Office-Small,2005-2014,2015.0,baseline,0.00216482951427448,0.0,
18.0,Office-Small,2005-2014,2015.0,boiler_reset,0.00216482951427448,-0.19973022838436608,
18.0,Office-Small,2005-2014,2015.0,cooling_cop_3_0,0.00216482951427448,-0.19973022838436608,
18.0,Office-Small,2005-2014,2015.0,dcv_enabled,0.00216482951427448,-0.19973022838436608,
18.0,Office-Small,2005-2014,2015.0,ecm_cold_deck_reset_control,0.00216482951427448,-0.6854283123776092,
18.0,Office-Small,2005-2014,2015.0,economizers_enabled,0.00216482951427448,-0.19973022838436608,
18.0,Office-Small,2005-2014,2015.0,elec_reduce,0.00216482951427448,1.7505645581113072,
18.0,Office-Small,2005-2014,2015.0,envelope_ecm_roof,0.00216482951427448,0.027743034041632145,
18.0,Office-Small,2005-2014,2015.0,envelope_ecm_wall,0.00216482951427448,-0.11165353409269498,
18.0,Office-Small,2005-2014,2015.0,envelope_ecm_windows,0.00216482951427448,-0.10082897395764104,
18.0,Office-Small,2005-2014,2015.0,exhaust_fans_occ_control,0.00216482951427448,0.1723696259815713,
18.0,Office-Small,2005-2014,2015.0,fans_to_variable,0.00216482951427448,-0.18911079496064961,
18.0,Office-Small,2005-2014,2015.0,hrv_enabled,0.00216482951427448,-0.19973022838436608,
18.0,Office-Small,2005-2014,2015.0,lights_reduce_70p,0.00216482951427448,1.3662415095279532,
18.0,Office-Small,2005-2014,2015.0,load_reduce,0.00216482951427448,0.08152254219770053,
18.0,Office-Small,2005-2014,2015.0,occupancy_setback,0.00216482951427448,0.08152254219770053,
18.0,Office-Small,2005-2014,2015.0,payback_less_than_20,0.00216482951427448,1.2893590750074022,
18.0,Office-Small,2005-2014,2015.0,plug_loads_90_percent,0.00216482951427448,-0.1825250486375747,
18.0,Office-Small,2005-2014,2015.0,pump_fan_eff_,0.00216482951427448,-0.19890972153901632,
13.0,Office,1959-pre,2015.0,air_temp_reset_enabled,0.07135295363116663,419.1000710401576,
13.0,Office,1959-pre,2015.0,baseline,0.07135295363116663,0.0,
13.0,Office,1959-pre,2015.0,boiler_eff_upgrade,0.07135295363116663,12.97939290938723,
13.0,Office,1959-pre,2015.0,boiler_reset,0.07135295363116663,360.05853056139046,
13.0,Office,1959-pre,2015.0,cooling_cop_3_0,0.07135295363116663,87.63052266770768,
13.0,Office,1959-pre,2015.0,dcv_enabled,0.07135295363116663,165.73867029949142,
13.0,Office,1959-pre,2015.0,ecm_cold_deck_reset_control,0.07135295363116663,475.4828626940602,
13.0,Office,1959-pre,2015.0,economizers_enabled,0.07135295363116663,14.753175596316272,
13.0,Office,1959-pre,2015.0,elec_reduce,0.07135295363116663,498.04628291850514,
13.0,Office,1959-pre,2015.0,envelope_ecm_roof,0.07135295363116663,120.53436460736063,
13.0,Office,1959-pre,2015.0,envelope_ecm_wall,0.07135295363116663,91.74962843428426,
13.0,Office,1959-pre,2015.0,envelope_ecm_windows,0.07135295363116663,20.780622776908288,
13.0,Office,1959-pre,2015.0,exhaust_fans_occ_control,0.07135295363116663,210.1339212218412,
13.0,Office,1959-pre,2015.0,fans_to_variable,0.07135295363116663,13.528573496644597,
13.0,Office,1959-pre,2015.0,hrv_enabled,0.07135295363116663,94.09384323537752,
13.0,Office,1959-pre,2015.0,infil_reduce,0.07135295363116663,585.8358949736585,
13.0,Office,1959-pre,2015.0,infil_reduce_plus_setback,0.07135295363116663,651.9114166453015,
13.0,Office,1959-pre,2015.0,lights_reduce_70p,0.07135295363116663,116.47670545998011,
13.0,Office,1959-pre,2015.0,load_reduce,0.07135295363116663,856.0103155455081,
13.0,Office,1959-pre,2015.0,occupancy_setback,0.07135295363116663,-3.426420244938239,
13.0,Office,1959-pre,2015.0,payback_less_than_20,0.07135295363116663,1621.7287431470131,
13.0,Office,1959-pre,2015.0,plug_loads_90_percent,0.07135295363116663,11.129230406666995,
13.0,Office,1959-pre,2015.0,pumps_to_variable,0.07135295363116663,108.90003339343971,
13.0,Office,1959-pre,2015.0,pump_fan_eff_,0.07135295363116663,46.94515993790665,
14.0,Office,1960-1979,2015.0,air_temp_reset_enabled,0.015037139141068242,83.0425731173983,
14.0,Office,1960-1979,2015.0,baseline,0.015037139141068242,0.0,
14.0,Office,1960-1979,2015.0,boiler_eff_upgrade,0.015037139141068242,3.5098012416218527,
14.0,Office,1960-1979,2015.0,boiler_reset,0.015037139141068242,71.01569744119607,
14.0,Office,1960-1979,2015.0,cooling_cop_3_0,0.015037139141068242,18.337039592863043,
14.0,Office,1960-1979,2015.0,dcv_enabled,0.015037139141068242,35.39636259345306,
14.0,Office,1960-1979,2015.0,ecm_cold_deck_reset_control,0.015037139141068242,94.41319975961166,
14.0,Office,1960-1979,2015.0,economizers_enabled,0.015037139141068242,3.856871971256246,
14.0,Office,1960-1979,2015.0,elec_reduce,0.015037139141068242,105.32299893711283,
14.0,Office,1960-1979,2015.0,envelope_ecm_roof,0.015037139141068242,53.054996064100415,
14.0,Office,1960-1979,2015.0,envelope_ecm_wall,0.015037139141068242,18.795278612688893,
14.0,Office,1960-1979,2015.0,envelope_ecm_windows,0.015037139141068242,4.916104552279385,
14.0,Office,1960-1979,2015.0,exhaust_fans_occ_control,0.015037139141068242,45.06084287723497,
14.0,Office,1960-1979,2015.0,fans_to_variable,0.015037139141068242,3.6168472828408795,
14.0,Office,1960-1979,2015.0,hrv_enabled,0.015037139141068242,20.313771144358178,
14.0,Office,1960-1979,2015.0,infil_reduce,0.015037139141068242,74.10049288747652,
14.0,Office,1960-1979,2015.0,infil_reduce_plus_setback,0.015037139141068242,89.69648973852753,
14.0,Office,1960-1979,2015.0,lights_reduce_70p,0.015037139141068242,25.92543779077411,
14.0,Office,1960-1979,2015.0,load_reduce,0.015037139141068242,138.47056636260223,
14.0,Office,1960-1979,2015.0,occupancy_setback,0.015037139141068242,0.8402862614773411,
14.0,Office,1960-1979,2015.0,payback_less_than_20,0.015037139141068242,303.37568271120705,
14.0,Office,1960-1979,2015.0,plug_loads_90_percent,0.015037139141068242,3.0278279880804115,
14.0,Office,1960-1979,2015.0,pumps_to_variable,0.015037139141068242,22.477682175040997,
14.0,Office,1960-1979,2015.0,pump_fan_eff_,0.015037139141068242,10.186038685166027,
15.0,Office,1980-2004,2015.0,air_temp_reset_enabled,0.07640422249780708,171.11784958269178,
15.0,Office,1980-2004,2015.0,baseline,0.07640422249780708,0.0,
15.0,Office,1980-2004,2015.0,boiler_eff_upgrade,0.07640422249780708,-130.8097050860577,
15.0,Office,1980-2004,2015.0,boiler_reset,0.07640422249780708,116.02532822690503,
15.0,Office,1980-2004,2015.0,cooling_cop_3_0,0.07640422249780708,-103.06098959199947,
15.0,Office,1980-2004,2015.0,dcv_enabled,0.07640422249780708,34.17839312739506,
15.0,Office,1980-2004,2015.0,ecm_cold_deck_reset_control,0.07640422249780708,226.52319225794434,
15.0,Office,1980-2004,2015.0,economizers_enabled,0.07640422249780708,-128.53842582230484,
15.0,Office,1980-2004,2015.0,elec_reduce,0.07640422249780708,499.72215403740404,
15.0,Office,1980-2004,2015.0,envelope_ecm_roof,0.07640422249780708,-66.35334262269255,
15.0,Office,1980-2004,2015.0,envelope_ecm_wall,0.07640422249780708,-115.90627542991034,
15.0,Office,1980-2004,2015.0,envelope_ecm_windows,0.07640422249780708,-127.54142027003752,
15.0,Office,1980-2004,2015.0,exhaust_fans_occ_control,0.07640422249780708,80.29973637565263,
15.0,Office,1980-2004,2015.0,fans_to_variable,0.07640422249780708,-130.39011417626836,
15.0,Office,1980-2004,2015.0,hrv_enabled,0.07640422249780708,-43.344024883677,
15.0,Office,1980-2004,2015.0,infil_reduce,0.07640422249780708,9.856667058692764,
15.0,Office,1980-2004,2015.0,infil_reduce_plus_setback,0.07640422249780708,77.36941470868612,
15.0,Office,1980-2004,2015.0,lights_reduce_70p,0.07640422249780708,95.33116230244998,
15.0,Office,1980-2004,2015.0,load_reduce,0.07640422249780708,282.13757199391745,
15.0,Office,1980-2004,2015.0,occupancy_setback,0.07640422249780708,-59.63118940916779,
15.0,Office,1980-2004,2015.0,payback_less_than_20,0.07640422249780708,1120.330533975623,
15.0,Office,1980-2004,2015.0,plug_loads_90_percent,0.07640422249780708,-128.41159181945366,
15.0,Office,1980-2004,2015.0,pumps_to_variable,0.07640422249780708,-56.31531278538301,
15.0,Office,1980-2004,2015.0,pump_fan_eff_,0.07640422249780708,-105.47716082987854,
19.0,Recreation Center,1980-2004,2015.0,air_temp_reset_enabled,0.06840602004087683,-114.56605295773937,
19.0,Recreation Center,1980-2004,2015.0,baseline,0.06840602004087683,0.0,
19.0,Recreation Center,1980-2004,2015.0,boiler_eff_upgrade,0.06840602004087683,13.824189724233296,
19.0,Recreation Center,1980-2004,2015.0,boiler_reset,0.06840602004087683,77.57733256357845,
19.0,Recreation Center,1980-2004,2015.0,cooling_cop_3_0,0.06840602004087683,16.27801766926105,
19.0,Recreation Center,1980-2004,2015.0,dcv_enabled,0.06840602004087683,234.03256509780502,
19.0,Recreation Center,1980-2004,2015.0,ecm_cold_deck_reset_control,0.06840602004087683,16.339014517573727,
19.0,Recreation Center,1980-2004,2015.0,economizers_enabled,0.06840602004087683,14.117209142302677,
19.0,Recreation Center,1980-2004,2015.0,elec_reduce,0.06840602004087683,396.0812219825471,
19.0,Recreation Center,1980-2004,2015.0,envelope_ecm_roof,0.06840602004087683,24.412304406678768,
19.0,Recreation Center,1980-2004,2015.0,envelope_ecm_wall,0.06840602004087683,-41.185253086127275,
19.0,Recreation Center,1980-2004,2015.0,envelope_ecm_windows,0.06840602004087683,-58.290322108068935,
19.0,Recreation Center,1980-2004,2015.0,fans_to_variable,0.06840602004087683,15.491337946824123,
19.0,Recreation Center,1980-2004,2015.0,hrv_enabled,0.06840602004087683,266.46704020477097,
19.0,Recreation Center,1980-2004,2015.0,infil_reduce,0.06840602004087683,174.60595884402161,
19.0,Recreation Center,1980-2004,2015.0,infil_reduce_plus_setback,0.06840602004087683,-15.944285192982226,
19.0,Recreation Center,1980-2004,2015.0,lights_reduce_70p,0.06840602004087683,166.31889942110195,
19.0,Recreation Center,1980-2004,2015.0,load_reduce,0.06840602004087683,56.08816220105199,
19.0,Recreation Center,1980-2004,2015.0,occupancy_setback,0.06840602004087683,-206.47512424577664,
19.0,Recreation Center,1980-2004,2015.0,payback_less_than_20,0.06840602004087683,436.8218794474525,
19.0,Recreation Center,1980-2004,2015.0,plug_loads_90_percent,0.06840602004087683,13.320734890657711,
19.0,Recreation Center,1980-2004,2015.0,pumps_to_variable,0.06840602004087683,49.72080675144593,
19.0,Recreation Center,1980-2004,2015.0,pump_fan_eff_,0.06840602004087683,24.530628494907567,
20.0,Storage Building,1959-pre,2015.0,baseline,0.0014259356082047471,0.0,
20.0,Storage Building,1959-pre,2015.0,dcv_enabled,0.0014259356082047471,0.2274681174401657,
20.0,Storage Building,1959-pre,2015.0,ecm_cold_deck_reset_control,0.0014259356082047471,0.2274681174401657,
20.0,Storage Building,1959-pre,2015.0,elec_reduce,0.0014259356082047471,2.147103721779312,
20.0,Storage Building,1959-pre,2015.0,envelope_ecm_roof,0.0014259356082047471,1.829204134107213,
20.0,Storage Building,1959-pre,2015.0,envelope_ecm_wall,0.0014259356082047471,0.9608098401079909,
20.0,Storage Building,1959-pre,2015.0,envelope_ecm_windows,0.0014259356082047471,0.2274681174401657,
20.0,Storage Building,1959-pre,2015.0,exhaust_fans_occ_control,0.0014259356082047471,0.2274681174401657,
20.0,Storage Building,1959-pre,2015.0,hrv_enabled,0.0014259356082047471,0.2274681174401657,
20.0,Storage Building,1959-pre,2015.0,infil_reduce,0.0014259356082047471,11.598544515594995,
20.0,Storage Building,1959-pre,2015.0,infil_reduce_plus_setback,0.0014259356082047471,12.905662926948812,
20.0,Storage Building,1959-pre,2015.0,lights_reduce_70p,0.0014259356082047471,2.159451699442054,
20.0,Storage Building,1959-pre,2015.0,load_reduce,0.0014259356082047471,12.905662926948812,
20.0,Storage Building,1959-pre,2015.0,occupancy_setback,0.0014259356082047471,2.3099529802714103,
20.0,Storage Building,1959-pre,2015.0,payback_less_than_20,0.0014259356082047471,14.84195122748268,
20.0,Storage Building,1959-pre,2015.0,plug_loads_90_percent,0.0014259356082047471,0.21702767860262764,
21.0,Storage Building,1960-1979,2015.0,baseline,0.0035950861394737866,0.0,
21.0,Storage Building,1960-1979,2015.0,dcv_enabled,0.0035950861394737866,0.7777747757401325,
21.0,Storage Building,1960-1979,2015.0,ecm_cold_deck_reset_control,0.0035950861394737866,0.7777747757401325,
21.0,Storage Building,1960-1979,2015.0,elec_reduce,0.0035950861394737866,5.664090643926597,
21.0,Storage Building,1960-1979,2015.0,envelope_ecm_roof,0.0035950861394737866,12.39749574356654,
21.0,Storage Building,1960-1979,2015.0,envelope_ecm_wall,0.0035950861394737866,1.4267891821513516,
21.0,Storage Building,1960-1979,2015.0,envelope_ecm_windows,0.0035950861394737866,0.7777747757401325,
21.0,Storage Building,1960-1979,2015.0,exhaust_fans_occ_control,0.0035950861394737866,0.7777747757401325,
21.0,Storage Building,1960-1979,2015.0,hrv_enabled,0.0035950861394737866,0.7777747757401325,
21.0,Storage Building,1960-1979,2015.0,infil_reduce,0.0035950861394737866,15.089586186023338,
21.0,Storage Building,1960-1979,2015.0,infil_reduce_plus_setback,0.0035950861394737866,19.17481795805127,
21.0,Storage Building,1960-1979,2015.0,lights_reduce_70p,0.0035950861394737866,5.700598353692518,
21.0,Storage Building,1960-1979,2015.0,load_reduce,0.0035950861394737866,19.17481795805127,
21.0,Storage Building,1960-1979,2015.0,occupancy_setback,0.0035950861394737866,5.825021932669762,
21.0,Storage Building,1960-1979,2015.0,payback_less_than_20,0.0035950861394737866,24.030660019305675,
21.0,Storage Building,1960-1979,2015.0,plug_loads_90_percent,0.0035950861394737866,0.7422145792113525,
22.0,Storage Building,1980-2004,2015.0,baseline,0.04374597605292382,0.0,
22.0,Storage Building,1980-2004,2015.0,dcv_enabled,0.04374597605292382,6.039100121884483,
22.0,Storage Building,1980-2004,2015.0,ecm_cold_deck_reset_control,0.04374597605292382,6.039100121884483,
22.0,Storage Building,1980-2004,2015.0,elec_reduce,0.04374597605292382,65.96967007857049,
22.0,Storage Building,1980-2004,2015.0,envelope_ecm_roof,0.04374597605292382,55.37917908461473,
22.0,Storage Building,1980-2004,2015.0,envelope_ecm_wall,0.04374597605292382,11.50214188269198,
22.0,Storage Building,1980-2004,2015.0,envelope_ecm_windows,0.04374597605292382,6.039100121884483,
22.0,Storage Building,1980-2004,2015.0,exhaust_fans_occ_control,0.04374597605292382,6.039100121884483,
22.0,Storage Building,1980-2004,2015.0,hrv_enabled,0.04374597605292382,6.039100121884483,
22.0,Storage Building,1980-2004,2015.0,infil_reduce,0.04374597605292382,49.32803760902886,
22.0,Storage Building,1980-2004,2015.0,infil_reduce_plus_setback,0.04374597605292382,88.08497080356119,
22.0,Storage Building,1980-2004,2015.0,lights_reduce_70p,0.04374597605292382,66.27380456968469,
22.0,Storage Building,1980-2004,2015.0,load_reduce,0.04374597605292382,88.08497080356119,
22.0,Storage Building,1980-2004,2015.0,occupancy_setback,0.04374597605292382,48.087928694701475,
22.0,Storage Building,1980-2004,2015.0,payback_less_than_20,0.04374597605292382,147.52566838828824,
22.0,Storage Building,1980-2004,2015.0,plug_loads_90_percent,0.04374597605292382,5.788098103977923,
23.0,Storage Building,2005-2014,2015.0,baseline,0.00216482951427448,0.0,
23.0,Storage Building,2005-2014,2015.0,dcv_enabled,0.00216482951427448,0.24185694041990424,
23.0,Storage Building,2005-2014,2015.0,ecm_cold_deck_reset_control,0.00216482951427448,0.24185694041990424,
23.0,Storage Building,2005-2014,2015.0,elec_reduce,0.00216482951427448,3.258881941741643,
23.0,Storage Building,2005-2014,2015.0,envelope_ecm_roof,0.00216482951427448,1.8713016355586785,
23.0,Storage Building,2005-2014,2015.0,envelope_ecm_wall,0.00216482951427448,0.3347401832206145,
23.0,Storage Building,2005-2014,2015.0,envelope_ecm_windows,0.00216482951427448,0.24185694041990424,
23.0,Storage Building,2005-2014,2015.0,exhaust_fans_occ_control,0.00216482951427448,0.24185694041990424,
23.0,Storage Building,2005-2014,2015.0,hrv_enabled,0.00216482951427448,0.24185694041990424,
23.0,Storage Building,2005-2014,2015.0,lights_reduce_70p,0.00216482951427448,3.271036462639974,
23.0,Storage Building,2005-2014,2015.0,load_reduce,0.00216482951427448,-2.1682866799574634,
23.0,Storage Building,2005-2014,2015.0,occupancy_setback,0.00216482951427448,1.6986326555018252,
23.0,Storage Building,2005-2014,2015.0,payback_less_than_20,0.00216482951427448,0.7780978964987316,
23.0,Storage Building,2005-2014,2015.0,plug_loads_90_percent,0.00216482951427448,0.23130236503509014,
24.0,Training Building,1959-pre,2015.0,air_temp_reset_enabled,0.029521188106832824,-88.35994425418951,
24.0,Training Building,1959-pre,2015.0,baseline,0.029521188106832824,0.0,
24.0,Training Building,1959-pre,2015.0,boiler_eff_upgrade,0.029521188106832824,-3.7691327949914144,
24.0,Training Building,1959-pre,2015.0,boiler_reset,0.029521188106832824,195.3535098270702,
24.0,Training Building,1959-pre,2015.0,cooling_cop_3_0,0.029521188106832824,0.6426315944644959,
24.0,Training Building,1959-pre,2015.0,dcv_enabled,0.029521188106832824,75.6558736944913,
24.0,Training Building,1959-pre,2015.0,ecm_cold_deck_reset_control,0.029521188106832824,-2.1576575265127897,
24.0,Training Building,1959-pre,2015.0,economizers_enabled,0.029521188106832824,-1.0001300881454465,
24.0,Training Building,1959-pre,2015.0,elec_reduce,0.029521188106832824,124.86300869199123,
24.0,Training Building,1959-pre,2015.0,envelope_ecm_roof,0.029521188106832824,59.15230552742686,
24.0,Training Building,1959-pre,2015.0,envelope_ecm_wall,0.029521188106832824,24.12598342264223,
24.0,Training Building,1959-pre,2015.0,envelope_ecm_windows,0.029521188106832824,6.464210811180799,
24.0,Training Building,1959-pre,2015.0,exhaust_fans_occ_control,0.029521188106832824,-3.638697755873009,
24.0,Training Building,1959-pre,2015.0,fans_to_variable,0.029521188106832824,-3.7691327949914144,
24.0,Training Building,1959-pre,2015.0,hrv_enabled,0.029521188106832824,67.03429799811381,
24.0,Training Building,1959-pre,2015.0,infil_reduce,0.029521188106832824,280.1940142133446,
24.0,Training Building,1959-pre,2015.0,infil_reduce_plus_setback,0.029521188106832824,307.1791775459816,
24.0,Training Building,1959-pre,2015.0,lights_reduce_70p,0.029521188106832824,44.46875669265722,
24.0,Training Building,1959-pre,2015.0,load_reduce,0.029521188106832824,403.14758636375717,
24.0,Training Building,1959-pre,2015.0,occupancy_setback,0.029521188106832824,54.50666831308413,
24.0,Training Building,1959-pre,2015.0,payback_less_than_20,0.029521188106832824,475.1748824505735,
24.0,Training Building,1959-pre,2015.0,plug_loads_90_percent,0.029521188106832824,-3.190126663971422,
24.0,Training Building,1959-pre,2015.0,pumps_to_variable,0.029521188106832824,-3.7691327949914144,
24.0,Training Building,1959-pre,2015.0,pump_fan_eff_,0.029521188106832824,-2.948339420208972,
25.0,Training Building,1980-2004,2015.0,air_temp_reset_enabled,0.020874833100718585,-44.11073018145406,
25.0,Training Building,1980-2004,2015.0,baseline,0.020874833100718585,0.0,
25.0,Training Building,1980-2004,2015.0,boiler_eff_upgrade,0.020874833100718585,-10.53641760136867,
25.0,Training Building,1980-2004,2015.0,boiler_reset,0.020874833100718585,68.80838810363741,
25.0,Training Building,1980-2004,2015.0,cooling_cop_3_0,0.020874833100718585,-8.647449622601357,
25.0,Training Building,1980-2004,2015.0,dcv_enabled,0.020874833100718585,45.490027970355,
25.0,Training Building,1980-2004,2015.0,ecm_cold_deck_reset_control,0.020874833100718585,-6.042161859469033,
25.0,Training Building,1980-2004,2015.0,economizers_enabled,0.020874833100718585,-6.284712377407741,
25.0,Training Building,1980-2004,2015.0,elec_reduce,0.020874833100718585,85.7832799091056,
25.0,Training Building,1980-2004,2015.0,envelope_ecm_roof,0.020874833100718585,11.894129743855043,
25.0,Training Building,1980-2004,2015.0,envelope_ecm_wall,0.020874833100718585,-4.1047474005674545,
25.0,Training Building,1980-2004,2015.0,envelope_ecm_windows,0.020874833100718585,-6.127102258337676,
25.0,Training Building,1980-2004,2015.0,exhaust_fans_occ_control,0.020874833100718585,-10.305974070687741,
25.0,Training Building,1980-2004,2015.0,fans_to_variable,0.020874833100718585,-6.44861071741079,
25.0,Training Building,1980-2004,2015.0,hrv_enabled,0.020874833100718585,37.371258360725186,
25.0,Training Building,1980-2004,2015.0,infil_reduce,0.020874833100718585,42.539252500937835,
25.0,Training Building,1980-2004,2015.0,infil_reduce_plus_setback,0.020874833100718585,60.586066690747046,
25.0,Training Building,1980-2004,2015.0,lights_reduce_70p,0.020874833100718585,30.22617775872131,
25.0,Training Building,1980-2004,2015.0,load_reduce,0.020874833100718585,115.55374387270399,
25.0,Training Building,1980-2004,2015.0,occupancy_setback,0.020874833100718585,7.532426981325819,
25.0,Training Building,1980-2004,2015.0,payback_less_than_20,0.020874833100718585,175.86421600044304,
25.0,Training Building,1980-2004,2015.0,plug_loads_90_percent,0.020874833100718585,-8.82365261496038,
25.0,Training Building,1980-2004,2015.0,pumps_to_variable,0.020874833100718585,-10.53641760136867,
25.0,Training Building,1980-2004,2015.0,pump_fan_eff_,0.020874833100718585,-9.988267576235652,
26.0,Training Building,2005-2014,2015.0,air_temp_reset_enabled,0.00807598076283234,-20.578645513707425,
26.0,Training Building,2005-2014,2015.0,baseline,0.00807598076283234,0.0,
26.0,Training Building,2005-2014,2015.0,boiler_eff_upgrade,0.00807598076283234,-8.568814045045773,
26.0,Training Building,2005-2014,2015.0,boiler_reset,0.00807598076283234,13.579791374106243,
26.0,Training Building,2005-2014,2015.0,cooling_cop_3_0,0.00807598076283234,-8.568814045045773,
26.0,Training Building,2005-2014,2015.0,dcv_enabled,0.00807598076283234,13.599110104547272,
26.0,Training Building,2005-2014,2015.0,ecm_cold_deck_reset_control,0.00807598076283234,-7.476864866448185,
26.0,Training Building,2005-2014,2015.0,economizers_enabled,0.00807598076283234,-6.467948709688631,
26.0,Training Building,2005-2014,2015.0,elec_reduce,0.00807598076283234,30.45575868337398,
26.0,Training Building,2005-2014,2015.0,envelope_ecm_roof,0.00807598076283234,-3.790551662758171,
26.0,Training Building,2005-2014,2015.0,envelope_ecm_wall,0.00807598076283234,-7.2818494040978665,
26.0,Training Building,2005-2014,2015.0,envelope_ecm_windows,0.00807598076283234,-6.889133596461759,
26.0,Training Building,2005-2014,2015.0,exhaust_fans_occ_control,0.00807598076283234,-8.531499310202696,
26.0,Training Building,2005-2014,2015.0,fans_to_variable,0.00807598076283234,-7.45461152430733,
26.0,Training Building,2005-2014,2015.0,hrv_enabled,0.00807598076283234,9.435236641685691,
26.0,Training Building,2005-2014,2015.0,lights_reduce_70p,0.00807598076283234,9.357633129442142,
26.0,Training Building,2005-2014,2015.0,load_reduce,0.00807598076283234,18.20220866893946,
26.0,Training Building,2005-2014,2015.0,occupancy_setback,0.00807598076283234,-0.33798458250927255,
26.0,Training Building,2005-2014,2015.0,payback_less_than_20,0.00807598076283234,43.10739546619006,
26.0,Training Building,2005-2014,2015.0,plug_loads_90_percent,0.00807598076283234,-7.8506682009632724,
26.0,Training Building,2005-2014,2015.0,pumps_to_variable,0.00807598076283234,-8.568814045045773,
26.0,Training Building,2005-2014,2015.0,pump_fan_eff_,0.00807598076283234,-8.43055512005004,
27.0,Vehicle Garage,1959-pre,2015.0,air_temp_reset_enabled,0.02256002972859692,-2.2461999752094823,
27.0,Vehicle Garage,1959-pre,2015.0,baseline,0.02256002972859692,0.0,
27.0,Vehicle Garage,1959-pre,2015.0,boiler_eff_upgrade,0.02256002972859692,2.5949467025669,
27.0,Vehicle Garage,1959-pre,2015.0,boiler_reset,0.02256002972859692,38.41230112137319,
27.0,Vehicle Garage,1959-pre,2015.0,dcv_enabled,0.02256002972859692,15.163258480354932,
27.0,Vehicle Garage,1959-pre,2015.0,ecm_cold_deck_reset_control,0.02256002972859692,2.5949467025669,
27.0,Vehicle Garage,1959-pre,2015.0,economizers_enabled,0.02256002972859692,2.980573924440429,
27.0,Vehicle Garage,1959-pre,2015.0,elec_reduce,0.02256002972859692,29.85203815434341,
27.0,Vehicle Garage,1959-pre,2015.0,envelope_ecm_roof,0.02256002972859692,5.843164899163717,
27.0,Vehicle Garage,1959-pre,2015.0,envelope_ecm_wall,0.02256002972859692,11.562391022860151,
27.0,Vehicle Garage,1959-pre,2015.0,envelope_ecm_windows,0.02256002972859692,2.739865798006247,
27.0,Vehicle Garage,1959-pre,2015.0,exhaust_fans_occ_control,0.02256002972859692,2.8506333608973207,
27.0,Vehicle Garage,1959-pre,2015.0,fans_to_variable,0.02256002972859692,2.7618317790453015,
27.0,Vehicle Garage,1959-pre,2015.0,hrv_enabled,0.02256002972859692,4.770968318174855,
27.0,Vehicle Garage,1959-pre,2015.0,infil_reduce,0.02256002972859692,58.08920781609275,
27.0,Vehicle Garage,1959-pre,2015.0,infil_reduce_plus_setback,0.02256002972859692,78.76292260462756,
27.0,Vehicle Garage,1959-pre,2015.0,lights_reduce_70p,0.02256002972859692,10.719704656245867,
27.0,Vehicle Garage,1959-pre,2015.0,load_reduce,0.02256002972859692,98.80002780608758,
27.0,Vehicle Garage,1959-pre,2015.0,occupancy_setback,0.02256002972859692,8.396002953133845,
27.0,Vehicle Garage,1959-pre,2015.0,payback_less_than_20,0.02256002972859692,102.77805757345773,
27.0,Vehicle Garage,1959-pre,2015.0,plug_loads_90_percent,0.02256002972859692,2.4539061912010482,
27.0,Vehicle Garage,1959-pre,2015.0,pump_fan_eff_,0.02256002972859692,9.001028081008814,
28.0,Vehicle Garage,1980-2004,2015.0,air_temp_reset_enabled,0.05103553172274627,-7.402208791137137,
28.0,Vehicle Garage,1980-2004,2015.0,baseline,0.05103553172274627,0.0,
28.0,Vehicle Garage,1980-2004,2015.0,boiler_eff_upgrade,0.05103553172274627,1.8933263227595019,
28.0,Vehicle Garage,1980-2004,2015.0,boiler_reset,0.05103553172274627,57.570278902562514,
28.0,Vehicle Garage,1980-2004,2015.0,dcv_enabled,0.05103553172274627,29.94268804819799,
28.0,Vehicle Garage,1980-2004,2015.0,ecm_cold_deck_reset_control,0.05103553172274627,1.8933263227595019,
28.0,Vehicle Garage,1980-2004,2015.0,economizers_enabled,0.05103553172274627,2.85877479440094,
28.0,Vehicle Garage,1980-2004,2015.0,elec_reduce,0.05103553172274627,59.15672171962169,
28.0,Vehicle Garage,1980-2004,2015.0,envelope_ecm_roof,0.05103553172274627,8.524733099683965,
28.0,Vehicle Garage,1980-2004,2015.0,envelope_ecm_wall,0.05103553172274627,13.935390111412907,
28.0,Vehicle Garage,1980-2004,2015.0,envelope_ecm_windows,0.05103553172274627,2.137985539645928,
28.0,Vehicle Garage,1980-2004,2015.0,exhaust_fans_occ_control,0.05103553172274627,2.4717433159678466,
28.0,Vehicle Garage,1980-2004,2015.0,fans_to_variable,0.05103553172274627,2.158668164635734,
28.0,Vehicle Garage,1980-2004,2015.0,hrv_enabled,0.05103553172274627,6.493638720577039,
28.0,Vehicle Garage,1980-2004,2015.0,infil_reduce,0.05103553172274627,42.4746356168135,
28.0,Vehicle Garage,1980-2004,2015.0,infil_reduce_plus_setback,0.05103553172274627,85.34335365986166,
28.0,Vehicle Garage,1980-2004,2015.0,lights_reduce_70p,0.05103553172274627,20.486893119324808,
28.0,Vehicle Garage,1980-2004,2015.0,load_reduce,0.05103553172274627,126.05934649926738,
28.0,Vehicle Garage,1980-2004,2015.0,occupancy_setback,0.05103553172274627,11.83408425836307,
28.0,Vehicle Garage,1980-2004,2015.0,payback_less_than_20,0.05103553172274627,137.91033684530086,
28.0,Vehicle Garage,1980-2004,2015.0,plug_loads_90_percent,0.05103553172274627,1.6632756514049352,
28.0,Vehicle Garage,1980-2004,2015.0,pump_fan_eff_,0.05103553172274627,11.974308204390328,
